create database OYO_HOTEL_BOOKING;
USE OYO_HOTEL_BOOKING;

CREATE TABLE CUSTOMER(
CUSTOMER_ID INT PRIMARY KEY,
CUSTOMER_NAME VARCHAR(30),
ADDRESS TEXT,
CONTACT_NO VARCHAR(50),
GENDER VARCHAR(10) NOT NULL,
ID_PROOF VARCHAR(50),
);
ALTER TABLE CUSTOMER Add CITY varchar(50);
Update CUSTOMER set CITY='VISHAKAPATNAM' where CUSTOMER_ID=101;

INSERT INTO CUSTOMER(CUSTOMER_ID,CUSTOMER_NAME,ADDRESS,CONTACT_NO,GENDER,ID_PROOF) 
VALUES(101,'RAM','MVV CITY 10TH  BLOCK','98786575645','M','8888 9999 4444');
INSERT INTO CUSTOMER(CUSTOMER_ID,CUSTOMER_NAME,ADDRESS,CONTACT_NO,GENDER,ID_PROOF,CITY) 
VALUES(102,'ABHI','13/39 JIVANJI MAHARAJ CHAWL','9878567045','M','8899 0999 4544','MUMBAI');
INSERT INTO CUSTOMER(CUSTOMER_ID,CUSTOMER_NAME,ADDRESS,CONTACT_NO,GENDER,ID_PROOF,CITY) 
VALUES(103,'RAJESH','225,2ND KUMVHARWADA,SSM MARG','02222630364','M','8099 0989 5544','MAHARASHTRA');
INSERT INTO CUSTOMER(CUSTOMER_ID,CUSTOMER_NAME,ADDRESS,CONTACT_NO,GENDER,ID_PROOF,CITY) 
VALUES(104,'PRIYA','301,SIKH VILLAGE','02223878747','F','0999 09879 9087','HYDERABAD');
INSERT INTO CUSTOMER(CUSTOMER_ID,CUSTOMER_NAME,ADDRESS,CONTACT_NO,GENDER,ID_PROOF,CITY) 
VALUES(105,'MADHU','308 RATNADEEP','9878589745','F','0989 0999 4544','AHMEDABAD');
INSERT INTO CUSTOMER(CUSTOMER_ID,CUSTOMER_NAME,ADDRESS,CONTACT_NO,GENDER,ID_PROOF,CITY) 
VALUES(106,'AYUSHA','KG-25 KAVI NAGAR','0979845675','F','8009 0009 0044','DELHI');
INSERT INTO CUSTOMER(CUSTOMER_ID,CUSTOMER_NAME,ADDRESS,CONTACT_NO,GENDER,ID_PROOF,CITY) 
VALUES(107,'SEETHA','16/6 NYNIAPPA NAICKEN ST,PERIAMET','04425355473','F','0897 0689 4356','CHENNAI');
INSERT INTO CUSTOMER(CUSTOMER_ID,CUSTOMER_NAME,ADDRESS,CONTACT_NO,GENDER,ID_PROOF,CITY) 
VALUES(108,'ARJUN','73,2ND STAGE,BTM LAYOUT','9873457895','M','7865 8976 0965','BANGALORE');
INSERT INTO CUSTOMER(CUSTOMER_ID,CUSTOMER_NAME,ADDRESS,CONTACT_NO,GENDER,ID_PROOF,CITY) 
VALUES(109,'SURYA','69/2 ARUNCHALA NAICKEN STREET','8888967045','M','8899 0000 7865','CHENNAI');
INSERT INTO CUSTOMER(CUSTOMER_ID,CUSTOMER_NAME,ADDRESS,CONTACT_NO,GENDER,ID_PROOF,CITY) 
VALUES(110,'RAJ','18LBRDBLR-27,LB ROAD','9898767045','M','5555 4444 4544','INDORE');


CREATE TABLE HOTEL_BOOKING(
BOOKING_ID INT PRIMARY KEY  identity(1,1),
CUSTOMER_ID INT FOREIGN KEY REFERENCES CUSTOMER(CUSTOMER_ID),
HOTEL_NAME VARCHAR(50),
ROOM_ID INT,
BOOKING_DATE DATE,
CHECKIN DATETIME,
CHECKOUT DATETIME,
STATUS VARCHAR(10)
);
Alter table HOTEL_BOOKING add foreign key(CUSTOMER_ID) references CUSTOMER(CUSTOMER_ID);
INSERT INTO HOTEL_BOOKING(CUSTOMER_ID,HOTEL_NAME,ROOM_ID,BOOKING_DATE,CHECKIN,CHECKOUT,STATUS)
VALUES(101,'OYO',2000,'2023-01-09','2023-01-11 06:30:00:00','2023-01-12 06:30:00:00','IN');
INSERT INTO HOTEL_BOOKING(CUSTOMER_ID,HOTEL_NAME,ROOM_ID,BOOKING_DATE,CHECKIN,CHECKOUT,STATUS)
VALUES(102,'OYO_HOME',2032,'2023-01-15','2023-01-20 04:30:00:00','2023-01-22 06:30:00:00','OUT');
INSERT INTO HOTEL_BOOKING(CUSTOMER_ID,HOTEL_NAME,ROOM_ID,BOOKING_DATE,CHECKIN,CHECKOUT,STATUS)
VALUES(103,'OYO_TOWNHOUSE',230,'2022-12-09','2023-01-01 06:00:00:00','2023-02-05 06:30:00:00','IN');
INSERT INTO HOTEL_BOOKING(CUSTOMER_ID,HOTEL_NAME,ROOM_ID,BOOKING_DATE,CHECKIN,CHECKOUT,STATUS)
VALUES(104,'OYO',2012,'2023-01-25','2023-01-30 10:30:00:00','2023-03-1 06:30:00:00','IN');
INSERT INTO HOTEL_BOOKING(CUSTOMER_ID,HOTEL_NAME,ROOM_ID,BOOKING_DATE,CHECKIN,CHECKOUT,STATUS)
VALUES(105,'OYO_HOME',342,'2022-11-09','2023-01-11 11:30:00:00','2023-01-12 06:30:00:00','OUT');
INSERT INTO HOTEL_BOOKING(CUSTOMER_ID,HOTEL_NAME,ROOM_ID,BOOKING_DATE,CHECKIN,CHECKOUT,STATUS)
VALUES(106,'OYO_HOME_LUXE',2034,'2022-11-25','2022-11-30 11:30:45:00','2022-12-3 10:30:00:00','OUT');
INSERT INTO HOTEL_BOOKING(CUSTOMER_ID,HOTEL_NAME,ROOM_ID,BOOKING_DATE,CHECKIN,CHECKOUT,STATUS)
VALUES(107,'OYO',2031,'2023-01-31','2023-02-05 07:30:00:00','2023-02-10 06:30:00:00','IN');
INSERT INTO HOTEL_BOOKING(CUSTOMER_ID,HOTEL_NAME,ROOM_ID,BOOKING_DATE,CHECKIN,CHECKOUT,STATUS)
VALUES(108,'OYO_TOWNHOUSE',2045,'2023-01-11','2023-01-15 06:00:00:00','2023-01-22 06:00:00:00','OUT');
INSERT INTO HOTEL_BOOKING(CUSTOMER_ID,HOTEL_NAME,ROOM_ID,BOOKING_DATE,CHECKIN,CHECKOUT,STATUS)
VALUES(109,'OYO',5643,'2022-08-31','2022-08-31 12:30:00:00','2022-09-19 11:30:00:00','OUT');
INSERT INTO HOTEL_BOOKING(CUSTOMER_ID,HOTEL_NAME,ROOM_ID,BOOKING_DATE,CHECKIN,CHECKOUT,STATUS)
VALUES(110,'OYO',2110,'2023-01-27','2023-01-28 07:30:00:00','2023-02-4 10:30:00:00','IN');
INSERT INTO HOTEL_BOOKING(CUSTOMER_ID,HOTEL_NAME,ROOM_ID,BOOKING_DATE,CHECKIN,CHECKOUT,STATUS)
VALUES(101,'OYO_HOME',2220,'2023-01-30','2023-01-30 10:30:00:00','2023-02-10 11:30:00:00','IN');

CREATE TABLE PAYMENTS(
PAYMENT_ID INT PRIMARY KEY IDENTITY(1,1),
BOOKING_ID INT foreign key(BOOKING_ID) references HOTEL_BOOKING(BOOKING_ID),
TYPE VARCHAR(20),
AMOUNT FLOAT,
PAYMENT_TYPE VARCHAR(50),
PAYMENT_DATE DATE,
PAYMENT_STATUS VARCHAR(20),
);
INSERT INTO PAYMENTS(BOOKING_ID,TYPE,AMOUNT,PAYMENT_TYPE,PAYMENT_DATE,PAYMENT_STATUS)
VALUES(1,'ONLINE',2500.00,'ONLINE','2023-01-09','DONE');
INSERT INTO PAYMENTS(BOOKING_ID,TYPE,AMOUNT,PAYMENT_TYPE,PAYMENT_DATE,PAYMENT_STATUS)
VALUES(2,'OFFLINE',12000.00,'OFFLINE','2023-01-15','DONE');
INSERT INTO PAYMENTS(BOOKING_ID,TYPE,AMOUNT,PAYMENT_TYPE,PAYMENT_DATE,PAYMENT_STATUS)
VALUES(3,'ONLINE',5500.00,'OFFLINE','2022-12-09','DONE');
INSERT INTO PAYMENTS(BOOKING_ID,TYPE,AMOUNT,PAYMENT_TYPE,PAYMENT_DATE,PAYMENT_STATUS)
VALUES(4,'ONLINE',4500.00,'ONLINE','2023-01-25','DONE');
INSERT INTO PAYMENTS(BOOKING_ID,TYPE,AMOUNT,PAYMENT_TYPE,PAYMENT_DATE,PAYMENT_STATUS)
VALUES(5,'OFFLINE',3500.00,'ONLINE','2022-11-09','DONE');
INSERT INTO PAYMENTS(BOOKING_ID,TYPE,AMOUNT,PAYMENT_TYPE,PAYMENT_DATE,PAYMENT_STATUS)
VALUES(5,'ONLINE',5500.00,'ONLINE','2022-11-09','DONE');
INSERT INTO PAYMENTS(BOOKING_ID,TYPE,AMOUNT,PAYMENT_TYPE,PAYMENT_DATE,PAYMENT_STATUS)
VALUES(6,'OFFLINE',6500.00,'OFFLINE','2022-11-25','DONE');
INSERT INTO PAYMENTS(BOOKING_ID,TYPE,AMOUNT,PAYMENT_TYPE,PAYMENT_DATE,PAYMENT_STATUS)
VALUES(7,'ONLINE',15000.00,'OFFLINE','2023-01-31','ONGOING');
INSERT INTO PAYMENTS(BOOKING_ID,TYPE,AMOUNT,PAYMENT_TYPE,PAYMENT_DATE,PAYMENT_STATUS)
VALUES(1,'ONLINE',2500.00,'ONLINE','2023-01-09','DONE');
INSERT INTO PAYMENTS(BOOKING_ID,TYPE,AMOUNT,PAYMENT_TYPE,PAYMENT_DATE,PAYMENT_STATUS)
VALUES(8,'OFFLINE',6500.00,'ONLINE','2023-01-11','ONGOING');
INSERT INTO PAYMENTS(BOOKING_ID,TYPE,AMOUNT,PAYMENT_TYPE,PAYMENT_DATE,PAYMENT_STATUS)
VALUES(9,'ONLINE',4500.00,'ONLINE','2022-08-31','DONE');
INSERT INTO PAYMENTS(BOOKING_ID,TYPE,AMOUNT,PAYMENT_TYPE,PAYMENT_DATE,PAYMENT_STATUS)
VALUES(10,'OFFLINE',5500.00,'OFFLINE','2023-01-27','ONGOING');
INSERT INTO PAYMENTS(BOOKING_ID,TYPE,AMOUNT,PAYMENT_TYPE,PAYMENT_DATE,PAYMENT_STATUS)
VALUES(4,'OFFLINE',2800.00,'ONLINE','2023-01-25','ONGOING');
INSERT INTO PAYMENTS(BOOKING_ID,TYPE,AMOUNT,PAYMENT_TYPE,PAYMENT_DATE,PAYMENT_STATUS)
VALUES(11,'ONLINE',1900.00,'ONLINE','2023-01-30','ONGOING');

CREATE TABLE ROOMS(
ROOM_ID INT PRIMARY KEY,
BOOKING_ID INT FOREIGN KEY REFERENCES HOTEL_BOOKING(BOOKING_ID),
ROOM_TYPE_ID INT,
ROOM_TYPE VARCHAR(10),
ROOM_NUMBER VARCHAR(50),
ROOM_STATUS VARCHAR(40)
);
Alter table ROOMS add foreign key(BOOKING_ID) references HOTEL_BOOKING(BOOKING_ID);
INSERT INTO ROOMS(ROOM_ID,BOOKING_ID,ROOM_TYPE,ROOM_TYPE_ID,ROOM_NUMBER,ROOM_STATUS)
VALUES(201,1,'CONNECTING',40,'55','AVAILABLE');
INSERT INTO ROOMS(ROOM_ID,BOOKING_ID,ROOM_TYPE,ROOM_TYPE_ID,ROOM_NUMBER,ROOM_STATUS)
VALUES(202,9,'SINGLE',11,'55','NOT AVAILABLE');
INSERT INTO ROOMS(ROOM_ID,BOOKING_ID,ROOM_TYPE,ROOM_TYPE_ID,ROOM_NUMBER,ROOM_STATUS)
VALUES(203,10,'DOUBLE',10,'55','NOT AVAILABLE');
INSERT INTO ROOMS(ROOM_ID,BOOKING_ID,ROOM_TYPE,ROOM_TYPE_ID,ROOM_NUMBER,ROOM_STATUS)
VALUES(204,11,'TRIPLE',20,'55','AVAILABLE');
INSERT INTO ROOMS(ROOM_ID,BOOKING_ID,ROOM_TYPE,ROOM_TYPE_ID,ROOM_NUMBER,ROOM_STATUS)
VALUES(205,5,'QUEEN',35,'55','AVAILABLE');
INSERT INTO ROOMS(ROOM_ID,BOOKING_ID,ROOM_TYPE,ROOM_TYPE_ID,ROOM_NUMBER,ROOM_STATUS)
VALUES(206,2,'ADJACENT',45,'55','NOT AVAILABLE');
INSERT INTO ROOMS(ROOM_ID,BOOKING_ID,ROOM_TYPE,ROOM_TYPE_ID,ROOM_NUMBER,ROOM_STATUS)
VALUES(207,3,'SINGLE',60,'45','AVAILABLE');
INSERT INTO ROOMS(ROOM_ID,BOOKING_ID,ROOM_TYPE,ROOM_TYPE_ID,ROOM_NUMBER,ROOM_STATUS)
VALUES(208,4,'MINI SUITE',22,'58','AVAILABLE');
INSERT INTO ROOMS(ROOM_ID,BOOKING_ID,ROOM_TYPE,ROOM_TYPE_ID,ROOM_NUMBER,ROOM_STATUS)
VALUES(209,5,'CONNECTING',89,'32','NOT AVAILABLE');
INSERT INTO ROOMS(ROOM_ID,BOOKING_ID,ROOM_TYPE,ROOM_TYPE_ID,ROOM_NUMBER,ROOM_STATUS)
VALUES(210,6,'TRIPLE',66,'70','NOT AVAILABLE');
INSERT INTO ROOMS(ROOM_ID,BOOKING_ID,ROOM_TYPE,ROOM_TYPE_ID,ROOM_NUMBER,ROOM_STATUS)
VALUES(211,1,'KING',19,'65','AVAILABLE');
INSERT INTO ROOMS(ROOM_ID,BOOKING_ID,ROOM_TYPE,ROOM_TYPE_ID,ROOM_NUMBER,ROOM_STATUS)
VALUES(212,7,'QUAD',31,'24','AVAILABLE');
INSERT INTO ROOMS(ROOM_ID,BOOKING_ID,ROOM_TYPE,ROOM_TYPE_ID,ROOM_NUMBER,ROOM_STATUS)
VALUES(213,8,'TWIN',14,'35','AVAILABLE');

CREATE TABLE LOCATION(
HOTEL_ID INT PRIMARY KEY IDENTITY(1,1),
HOTEL_NAME VARCHAR(50),
STREET_ADDRESS VARCHAR(50),
CITY VARCHAR(50),
STATE VARCHAR(50),
PIN_CODE BIGINT,
COUNTRY_NAME VARCHAR(50),);

INSERT INTO LOCATION (HOTEL_NAME,STREET_ADDRESS,CITY,STATE,PIN_CODE,COUNTRY_NAME)
VALUES('OYO','54,VENKATESHWARA NAGAR,BANJARA HILLS','HYDERABAD','TELANGANA',500034,'INDIA');
INSERT INTO LOCATION (HOTEL_NAME,STREET_ADDRESS,CITY,STATE,PIN_CODE,COUNTRY_NAME)
VALUES('OYO_HOME','INDRA COLONY','VISAKHAPATNAM','ANDHRA PRADESH',530012,'INDIA');
INSERT INTO LOCATION (HOTEL_NAME,STREET_ADDRESS,CITY,STATE,PIN_CODE,COUNTRY_NAME)
VALUES('OYO_TOWNHOUSE','NEAR RAILWAY STATION','BANGALORE','KARNATAKA',530068,'INDIA');
INSERT INTO LOCATION (HOTEL_NAME,STREET_ADDRESS,CITY,STATE,PIN_CODE,COUNTRY_NAME)
VALUES('OYO_HOME_LUXE','LBS MARG','MUMBAI','MAHARASHTRA',400005,'INDIA');
INSERT INTO LOCATION (HOTEL_NAME,STREET_ADDRESS,CITY,STATE,PIN_CODE,COUNTRY_NAME)
VALUES('OYO','CHHAWANI SQUARE','INDORE','MADHYA PRADESH',451010,'INDIA');
INSERT INTO LOCATION (HOTEL_NAME,STREET_ADDRESS,CITY,STATE,PIN_CODE,COUNTRY_NAME)
VALUES('OYO_GRAND','TRIPADVISOR','MUAR','JOHORE',500034,'MALAYSIA');
INSERT INTO LOCATION (HOTEL_NAME,STREET_ADDRESS,CITY,STATE,PIN_CODE,COUNTRY_NAME)
VALUES('OYO_TOWNHOUSE','CHUO WARD','KYUSHU','OKINAWA',700098,'JAPAN');
INSERT INTO LOCATION (HOTEL_NAME,STREET_ADDRESS,CITY,STATE,PIN_CODE,COUNTRY_NAME)
VALUES('OYO_HOME','JALAN JAKSA','JAKARTA','BALI',200980,'INDONESIA');
INSERT INTO LOCATION (HOTEL_NAME,STREET_ADDRESS,CITY,STATE,PIN_CODE,COUNTRY_NAME)
VALUES('OYO','RANIBARI','POKHARA','KASKI',420034,'NEPAL');
INSERT INTO LOCATION (HOTEL_NAME,STREET_ADDRESS,CITY,STATE,PIN_CODE,COUNTRY_NAME)
VALUES('OYO_HOME_LUXE','POSADA SANTIAGO','COLIMA','COLIMA',009876,'MEXICO');
INSERT INTO LOCATION (HOTEL_NAME,STREET_ADDRESS,CITY,STATE,PIN_CODE,COUNTRY_NAME)
VALUES('OYO_TOWNHOUSE','7 MILE FORD ROAD','MARION','OHIO',500034,'UNITED STATES');
INSERT INTO LOCATION (HOTEL_NAME,STREET_ADDRESS,CITY,STATE,PIN_CODE,COUNTRY_NAME)
VALUES('OYO','72ND ST','CALIFORNIA','US',000976,'MEXICO');
INSERT INTO LOCATION (HOTEL_NAME,STREET_ADDRESS,CITY,STATE,PIN_CODE,COUNTRY_NAME)
VALUES('OYO','PETI SURAT','BENTONG','PAHANG',500034,'MALAYSIA');
INSERT INTO LOCATION (HOTEL_NAME,STREET_ADDRESS,CITY,STATE,PIN_CODE,COUNTRY_NAME)
VALUES('OYO_HOME','NEAR BHAGWATIBAHAL','KATHMANDU','KATHMANDU',456834,'NEPAL');
INSERT INTO LOCATION (HOTEL_NAME,STREET_ADDRESS,CITY,STATE,PIN_CODE,COUNTRY_NAME)
VALUES('OYO','MINATO','KANTO','TOKYO',790088,'JAPAN');
INSERT INTO LOCATION (HOTEL_NAME,STREET_ADDRESS,CITY,STATE,PIN_CODE,COUNTRY_NAME)
VALUES('OYO_360','SHINAGAWA WARD','KANSAI','OSAKA',780099,'JAPAN');






 SELECT *FROM  CUSTOMER;
 SELECT *FROM HOTEL_BOOKING;
 SELECT *FROM PAYMENTS;
 SELECT *FROM ROOMS;
 SELECT *FROM LOCATION;
